,country_region_code,country_region,prsn_wr_rs,prsn_wr_ps,prsn_rs_ps,prsn_ps_dt,spmn_wr_rs,spmn_wr_ps,spmn_rs_ps,spmn_ps_dt,kdll_wr_rs,kdll_wr_ps,kdll_rs_ps,kdll_ps_dt,population_2019
0, 2,United Arab Emirates,-0.9616625849742779,0.1851500506176279,-0.2861297218061779,0.9646373691632645,-0.9474573839399809,0.14200223254851682,-0.1950030838854063,0.9984830910737231,-0.8442173742420556,0.2500731051214737,-0.28029718704524553,0.9894296108833475,9770529.0
1, 237,Afghanistan,-0.8027543523432705,0.2516652933949437,-0.5158018259788186,0.9936711388696003,-0.7025815133561835,-0.03335825203527967,-0.25286019265935467,0.9969276502555294,-0.5167566947019091,0.04491986502762394,-0.19712107580426047,0.984335317221136,38041754.0
2, 426,Antigua and Barbuda,-0.8369312544680129,-0.321248426330505,-0.09886976004516655,0.6928115553693242,-0.8073941302295797,-0.14240939491757107,-0.1167829547754817,0.7290903905968934,-0.6607504282367342,-0.0402808410351099,-0.2182612907504194,0.6165465024090473,97118.0
3, 581,Angola,-0.8853856443778995,0.06932742874222417,-0.2106352105884048,0.9958828760183273,-0.7985885012754277,-0.0005842797862104556,-0.14085526208829005,0.9937720753038043,-0.6549305408428392,0.0717608246630878,-0.23673824239696975,0.9701492282518572,31825295.0
4, 816,Argentina,-0.9373331367747776,0.14078591355090894,-0.11223113843246171,0.99180310195313,-0.8766373791354136,0.2354798286956001,-0.17585546934712748,0.999769300019135,-0.7720140156930029,0.31728848454284614,-0.26387219100877135,0.9977874178581497,44938712.0
5, 1051,Austria,-0.8215273495797457,-0.010724617258267944,-0.3401520158895973,0.828465791810431,-0.7476741028564272,0.1364608676734917,-0.37774371729360423,0.9992763230206478,-0.6018151816319885,0.17359790223870009,-0.392266296732746,0.9916948768760302,8877067.0
6, 1286,Australia,-0.9457125120120989,-0.2522097115944934,0.11429841719711162,0.9310486714803157,-0.8616217378604458,-0.09261585256170118,-0.06348932993031195,0.9975329131159648,-0.7406639866589465,-0.022790784531736896,-0.13733297487410334,0.9824815719685833,25364307.0
7, 1521,Aruba,-0.964913502834147,0.21301782407489192,-0.1930269026448564,0.9732194831960199,-0.8714830561146484,0.11722154280265873,-0.16955080288451338,0.954480851669708,-0.7485292047331474,0.1476474056787641,-0.1947112783235533,0.8926695420998314,106314.0
8, 1728,Bosnia and Herzegovina,-0.8429684682480044,0.18743254773801446,-0.587094160235485,0.9941901032651808,-0.7566200580837323,0.134068973785372,-0.5565611272464261,0.9985495700250067,-0.6042184392379555,0.14512766161986132,-0.5088796232629472,0.9915102943552808,3301000.0
9, 1963,Barbados,-0.9759591789219388,-0.13909146387720692,0.038419624451411935,0.8114071885772729,-0.9768204366532789,0.1343908092509994,-0.16202964031196812,0.8124003802324753,-0.900689920706821,0.2718028784042845,-0.2893781414479626,0.7022469162358916,287025.0
10, 2194,Bangladesh,-0.9224005637403958,0.3937333628902659,-0.32968836487444897,0.9983399330762758,-0.8978475445093659,0.15217144744256517,-0.1627605182038534,0.9992106575536928,-0.7605612990614727,0.22830793304660071,-0.2486001844631716,0.9951501190455814,163046161.0
11, 2429,Belgium,-0.866156256883541,0.009424290065328921,-0.293110695389451,0.8958899892701719,-0.8914154705214979,0.18806840396845786,-0.31564333726413485,0.9926572246877229,-0.744581436963983,0.22691092681578856,-0.3566326492540994,0.9693840155041864,11484055.0
12, 2664,Burkina Faso,-0.701439686546664,0.040391626439097376,-0.32826537284771157,0.8570776889710754,-0.7129899889302524,-0.06723309068263716,-0.2343564231265411,0.9857201665980997,-0.5911764267779848,-0.048224540231141554,-0.20227565533104272,0.9415533727794186,20321378.0
13, 2899,Bulgaria,-0.7547925628393001,0.11374317195880743,-0.6142949270611655,0.9932138714037048,-0.6391633096636598,0.12211661387114621,-0.6488406764364637,0.9997898321277046,-0.4994433442855445,0.13014852555947834,-0.5659299603103872,0.9976703521062384,6975761.0
14, 3134,Bahrain,-0.8474248743248319,-0.22029746992336408,-0.0678133685870506,0.9948058138988373,-0.7199746236092642,-0.1190356881598926,-0.08074787359486546,0.9987566188773925,-0.5741831848740488,-0.054692549618985106,-0.1302439632375501,0.9869874148930684,1641172.0
15, 3369,Benin,-0.6528516108020155,-0.0524429469138447,-0.10762256763448969,0.9956603579347314,-0.5987390657405334,-0.24119262615793316,0.10818712533321487,0.9892749816902471,-0.4962926108178838,-0.1376086737502382,0.04915525112537638,0.9461973576790689,11801151.0
16, 3604,Bolivia,-0.9698250391666804,0.24917072573991284,-0.3057717801230021,0.9752759892121676,-0.9595109546434355,0.26522488913284464,-0.24213617017465408,0.9976261389133977,-0.8946116050518592,0.3724005623128916,-0.34994513699566343,0.9891187617229309,11513100.0
17, 3839,Brazil,-0.9242794860583777,0.2558082655431736,-0.20744668028367466,0.991133141157298,-0.9267337474644803,0.31590975054941517,-0.23873501430803654,0.9990474132018625,-0.8492023336910225,0.4205772686083288,-0.35461011600525505,0.9933269726842416,211049527.0
18, 4074,The Bahamas,-0.9664253997909065,0.019579417503067364,-0.1825010445908519,0.9811490649031679,-0.9416299416583593,-0.07838467635734633,-0.05755267685022769,0.9600181457728828,-0.8210342119511548,0.021603273710343276,-0.1357525022854831,0.8976788970089647,
19, 4309,Botswana,-0.9268955557428094,0.15726942496082102,-0.25391491929320553,0.948272125053205,-0.8560139123222176,-0.05537353982660762,0.022800632461545036,0.933223874952699,-0.7067645487852464,0.018776953600961172,-0.09328014977536572,0.8573332811360795,2303697.0
20, 4541,Belarus,-0.005622537041401242,-0.45336784453236123,-0.5142113340528192,0.9555168583970189,-0.050042556766971655,-0.4708077486907095,-0.5857231351276636,0.9968658850346815,-0.05272208655331018,-0.37208101616430067,-0.4457552337959528,0.9846762214143955,9466856.0
21, 4776,Belize,-0.9589868032300191,-0.04817943880772103,-0.031101480206757882,0.9886765914751829,-0.9405844208288184,-0.08357804902946836,0.03639773951614395,0.9231495447596275,-0.8296960593010174,-0.03984476315547934,-0.02362924335613985,0.8535686608381052,390353.0
22, 5001,Canada,-0.8840745498524322,-0.15104674873729315,-0.19903044771275769,0.9759222085776428,-0.8927768811691442,0.23804211594125815,-0.3042068045746104,0.9996334059203843,-0.7583323480685531,0.32073412222798703,-0.35786242009497304,0.9960945826058646,37589262.0
23, 5236,Switzerland,-0.8113651496308738,-0.12276000270696705,-0.238768058079135,0.9187387465541567,-0.7798567160636489,0.15090455820756865,-0.3995308567873752,0.9997410052431992,-0.6212562765293682,0.18275218872525018,-0.3974520553871203,0.995982684035618,8574832.0
24, 5471,Côte d'Ivoire,-0.8342281306335915,0.06987118217060476,-0.3092753142050349,0.9942072926140657,-0.7518254454141914,-0.06995764255107963,-0.1295059022120569,0.996956883082089,-0.6109417696839642,-0.030095693785520385,-0.17122926187799847,0.9799670398528506,
25, 5706,Chile,-0.9568190706076957,-0.2626899191660107,0.2606697930311974,0.9841463035020063,-0.881174184847762,0.006557511594763864,0.09678453770396302,0.9983514547008338,-0.7461888064696608,0.10461378807454488,0.02749649234842575,0.9899400031314081,18952038.0
26, 5941,Cameroon,-0.672261291414084,-0.13399275193290233,-0.23555409335051658,0.9874938849491326,-0.6678235071330856,-0.23387155133195356,-0.1135549917468557,0.9978067559943652,-0.5456629732098149,-0.17869325303390377,-0.15532151062740313,0.9850410855172591,25876380.0
27, 6176,Colombia,-0.9861542657620971,0.11529717477652747,-0.16942467595865449,0.9996464274296386,-0.9647264208456926,0.16563475517854648,-0.19548535380655335,0.9986145897359648,-0.8764824486396698,0.2655626550845096,-0.3078789583788081,0.992271120004802,50339443.0
28, 6411,Costa Rica,-0.9680830502553334,-0.20831771304623867,0.06375066494512312,0.9957798567140804,-0.8312381063898837,-0.31074797196939924,0.08463399726082192,0.9978262183410841,-0.6924253669743519,-0.20258797562332315,0.03338935636006424,0.9803798244501107,5047561.0
29, 6646,Cape Verde,-0.8913088601603518,-0.10755957315249892,-0.23016313454252357,0.9973717342166688,-0.6735320005961977,-0.17002005047750457,-0.1403601264575113,0.9970794000059443,-0.5282627603841552,-0.14912815148437655,-0.23841643692599337,0.9789096591589524,
30, 6848,Czechia,-0.7776124993633883,0.1556038665593686,-0.31017124357694015,0.8385977087172907,-0.637606554547436,0.11352403999655676,-0.43351766274214293,0.9982802144271167,-0.4969018934968444,0.13480181571572258,-0.4049962765043309,0.9875112785155946,
31, 7083,Germany,-0.848505110814214,-0.11927118466939315,-0.22433949344288565,0.9490126183462004,-0.8055259265953357,0.12710247997721527,-0.36316245254143986,0.9996585264867771,-0.6575225750937117,0.15417600385104188,-0.41323117740840337,0.9965635015659936,83132799.0
32, 7318,Denmark,-0.8064099551096345,0.11815551781497358,-0.4098099089355376,0.8713399233170374,-0.8100774626381096,0.14856635068935892,-0.3447277536051948,0.9990589919667998,-0.6390304148933401,0.18091628289584286,-0.3307078900776426,0.9903730497353272,5818553.0
33, 7553,Dominican Republic,-0.9814853811634234,0.15777078059631244,-0.2731553714379819,0.9907258633767014,-0.9667826127457049,0.21451008749911304,-0.23564863181878082,0.9991317319340604,-0.8947822892613216,0.29332827723125476,-0.32667358850592276,0.9945131396735444,10738958.0
34, 7788,Ecuador,-0.9461870924870651,0.32904207012855247,-0.22040269300421375,0.9660079979159036,-0.9310095297534177,0.3833686500877858,-0.30600754742958186,0.9985985216433664,-0.839770143810219,0.4936198967322888,-0.40643243685129404,0.9873050055349358,17373662.0
35, 8023,Estonia,-0.64388200335119,-0.032410824602003736,-0.399437486763257,0.8910613521943376,-0.7303794892105333,0.22607114709028903,-0.5295971150215624,0.6652442630330392,-0.5758291113533047,0.24573531436709584,-0.4639100439285586,0.5539515656758935,1326590.0
36, 8258,Egypt,-0.8914104521884899,0.1554931072399521,-0.41918534673090213,0.9904339578552946,-0.8937323919915579,0.18306449892335588,-0.31361875931175215,0.9997390278083617,-0.7528892135186885,0.23826846718032949,-0.36275128295008574,0.9976079148380892,
37, 8493,Spain,-0.9087636126717948,0.07794284663773275,-0.2908732481288234,0.7602429942070855,-0.8808854664743804,0.24069341715216447,-0.26487433282743517,0.9910338132758597,-0.7617302922925671,0.291098034633154,-0.2928961627956411,0.9706292955538987,47076781.0
38, 8728,Finland,-0.5668765282600537,-0.1637107765266491,-0.3964905998080219,0.9721652795841805,-0.5556567986961505,0.025439044934829833,-0.3893277076896865,0.9958372883562628,-0.4176679532137459,0.08747882647557358,-0.36115093868644094,0.97180176279023,5520314.0
39, 8963,Fiji,-0.8965180628870787,-0.07540580059367646,0.02736604298160645,0.672393774539326,-0.930423711627804,0.12820400668563867,-0.12605048053205226,0.801410778769092,-0.8009000722901592,0.218969592902247,-0.18857466233998216,0.7204005281761157,889953.0
40, 9195,France,-0.8944753092988816,0.22494845453938425,-0.38688035689125294,0.7600981784460296,-0.8934749473507175,0.19081847755474446,-0.39477723345422466,0.9998879102106204,-0.7464513988482805,0.2431194544488412,-0.4053741728065402,0.9962055599798268,67059887.0
41, 9430,Gabon,-0.8310194793215444,0.15985396952059452,-0.15683192341547056,0.9917387283881082,-0.8146742781504909,0.08273468070243539,-0.14089694564644614,0.9956826216781993,-0.6642808418104433,0.15720231336786158,-0.21191941194038555,0.9680633416155355,2172579.0
42, 9665,United Kingdom,-0.9315068453166522,-0.22479970106329025,-0.028370662028831227,0.9525872966082527,-0.9563296359971387,0.18020433342667994,-0.23542986603748023,0.9997062237970057,-0.8591413443931498,0.33594242471471886,-0.35990402009716893,0.9966755707662315,66834405.0
43, 9900,Georgia,-0.8913397816705642,0.20589146625573237,-0.3534637862755186,0.9214900358835729,-0.6721810607398587,0.1127878755649688,-0.44432036947326264,0.987941351889739,-0.5284925140032515,0.13851372763305758,-0.32341250616446293,0.9406435398778,3720382.0
44, 10090,Ghana,-0.9176638293598642,0.16604867052386088,-0.23086043971508102,0.9917796442971337,-0.7905739836548737,0.02647512845073096,-0.1333651178968341,0.9990148245177869,-0.6596008373455262,0.08914758138001805,-0.20638996935667345,0.9910206469221646,30417856.0
45, 10325,Greece,-0.8561067098587964,0.21392603113042677,-0.39686141663968816,0.9018405017770866,-0.5784756433723242,0.14168117527804355,-0.5348123973662792,0.9994136057168349,-0.4466164814025949,0.1404676394518275,-0.4387775178135465,0.9932192801172122,10716322.0
46, 10560,Guatemala,-0.970450648539782,-0.07093030126199348,-0.08850022533857807,0.9984802746799079,-0.9184096324145465,0.17964740873995189,-0.21645478781503133,0.9996127703040679,-0.8128096292830245,0.23493110081815075,-0.27866105136698816,0.9952701074961569,16604026.0
47, 10795,Hong Kong,-0.8625660990212208,-0.21465373656944767,0.04302145410626606,0.9600245334656644,-0.9325162277263922,-0.07660640888788507,-0.15457876771242582,0.9602780456510247,-0.8084159853379604,-0.009315169197710206,-0.14126208868953893,0.898743346106096,
48, 11030,Honduras,-0.9739720945580264,0.06765206019426473,-0.22683580684463828,0.9985167582351004,-0.9704833540819725,0.2825877804173318,-0.29874218814507963,0.998161820104552,-0.8897864957853838,0.37454357378294245,-0.3937426797330377,0.9908092115964517,9746117.0
49, 11265,Croatia,-0.8433257207386292,0.1851894416532749,-0.4316672948572696,0.9333052389490104,-0.7844222448698686,0.12073604362716772,-0.42925263381252343,0.998387554255254,-0.6367145222944122,0.16356854585887673,-0.3997683642229567,0.9865299273032878,4067500.0
50, 11500,Haiti,-0.6966239876580058,-0.10214546037698459,-0.39038542596863096,0.9830825751815022,-0.8016425866698164,0.19907793992889375,-0.33148134690024006,0.9967597946624035,-0.6274456916922435,0.23994593569503922,-0.3233141159402625,0.9852911314284515,11263077.0
51, 11735,Hungary,-0.8158712618763356,0.18228829238935695,-0.3094221037811567,0.6592739891383783,-0.8371394244231377,0.18523911995622744,-0.30975346782794067,0.9991864450886592,-0.6950856371300447,0.2163003290405571,-0.36745760259548826,0.9926853582327088,9769949.0
52, 11970,Indonesia,-0.9292471477080901,0.005056439152317011,-0.017938463134725666,0.9943187272332383,-0.8676816664397162,0.029728254228319456,-0.05156303951208392,0.9995862759439591,-0.7282476455174054,0.0769487805088427,-0.10151956384688321,0.9968812254051913,270625568.0
53, 12205,Ireland,-0.9186291355885834,-0.19759106409830263,-0.06058619224790834,0.9733866334527688,-0.9533138344782156,0.2990801830714259,-0.32733520025777607,0.9991343743118946,-0.8518048896781113,0.39494451112825774,-0.390261109511286,0.9896358160683207,4941444.0
54, 12440,Israel,-0.896228437529086,-0.14837042980480433,-0.003936420925244718,0.9865374390042375,-0.8651232456243731,-0.05425794747398795,-0.06335996121034546,0.998321192393333,-0.7083572596607337,-0.08396401080096937,-0.07928798270064433,0.988892980647032,9053300.0
55, 12675,India,-0.9784035635086427,0.18973921188294396,-0.17965632995575617,0.9921734057280586,-0.9070516098839889,0.1980121146719352,-0.12445768921781941,0.9995772574648112,-0.7982806774770156,0.30118827888153515,-0.20661246642528638,0.9965194586597462,1366417754.0
56, 12910,Iraq,-0.834654435632588,0.08541272908791155,-0.38610293682050645,0.9857778080470571,-0.7913401006346306,-0.006514908464144567,-0.20805840995445216,0.9998202595859764,-0.6505102864777497,0.039336564453424636,-0.24170489276183885,0.9976136311416113,39309783.0
57, 13145,Italy,-0.8692589749698635,0.09875327853278054,-0.41294322431610053,0.9821684276454153,-0.7697228515540161,0.30337517743218945,-0.6246237224363657,0.9999896934576646,-0.6344433213063414,0.32235310352411134,-0.5183127693127341,0.9995669433417539,60297396.0
58, 13380,Jamaica,-0.9349191483572736,-0.09299037125430833,-0.09865892949410691,0.9767196187968835,-0.8305556664127557,-0.01697075075284495,-0.2016966290993536,0.9892870726353223,-0.685986647796284,-0.017626283274617335,-0.22344448650969123,0.949417797034135,2948279.0
59, 13615,Jordan,-0.9658236354036566,0.2104534722330387,-0.2009552934364846,0.9887050672184554,-0.895040434645763,0.2330948295483318,-0.20260234944908653,0.9818255042578443,-0.7710114544669516,0.29561488702721544,-0.22994557428081383,0.9227321448635989,10101694.0
60, 13850,Japan,-0.9129144382154637,-0.07803635667689213,-0.08960600395021913,0.878662607213472,-0.9336941136301913,-0.16847987961315214,0.018115904186362816,0.999971656972057,-0.8346762948218623,-0.07117719031142433,-0.055017143634257755,0.9988811286265877,126264931.0
61, 14085,Kenya,-0.9546669233525689,0.12620825040587744,-0.1479396987220098,0.9963858214779477,-0.8637783784039166,0.1315363646052411,-0.14985969850403563,0.9983096895321651,-0.7236015014606691,0.2169557932473636,-0.23926522074298465,0.9906018473015427,52573973.0
62, 14320,Kyrgyzstan,-0.7983360346888588,0.008109541420676616,-0.48041837749723487,0.9565143306236983,-0.8113761301150584,-0.02168106938990503,-0.3188301371220253,0.9415217986467529,-0.6602874215587966,0.06214351396519331,-0.29411470541192825,0.8675793215768381,
63, 14555,Cambodia,-0.5649651395136418,-0.5305290245968239,0.17759339875325095,,-0.548219818543882,-0.26701602414519,-0.11375655057356583,,-0.42498780107741846,-0.2218614142274126,-0.1547912067343551,,16486542.0
64, 14790,South Korea,-0.6660975556920714,-0.21793508938979703,-0.19689991584560443,0.9056159306738993,-0.7189044223278428,-0.10297620846563524,-0.3700462819247482,0.9999059494688896,-0.571513343577932,-0.016738569503290487,-0.28088076150882735,0.9970374587164187,
65, 15025,Kuwait,-0.963480704769846,0.22629813963984796,-0.35664697323688865,0.990642822756817,-0.9545255256363927,0.17748515989109,-0.2183277460025715,0.9953899845540152,-0.842218768234229,0.1883119164115564,-0.21814150196686397,0.9782777214591656,4207083.0
66, 15260,Kazakhstan,-0.8345397101935444,-0.031526750134649,-0.42137860664821153,0.954706250530761,-0.8841931955568522,-0.005141030018725063,-0.2372399925340622,0.9981681816232729,-0.7220539931180139,0.04519138343605704,-0.23889042272070832,0.9847935521063353,18513930.0
67, 15495,Laos,-0.8710001542036242,-0.2745043738916215,0.10812125921205756,,-0.7436826416461242,-0.24276645813486658,0.08783351945855447,,-0.6172051808127563,-0.1830115961193384,0.06755872400341742,,
68, 15730,Lebanon,-0.8819485623559994,0.13824664820725863,-0.415753179839228,0.9970937142538131,-0.8134526666080639,0.10632683008471876,-0.4498826624364977,0.9989842701075802,-0.6604300213205353,0.11291541295927698,-0.4150987214021202,0.9876065062987796,6855713.0
69, 15965,Sri Lanka,-0.9572783706767346,0.41301370901739326,-0.5229044579599733,0.8746796254781082,-0.9609370268820406,0.321615868911831,-0.3410205302494302,0.9722227283697529,-0.8603709946092245,0.38528133711783974,-0.36556531477678716,0.9020827970380685,21803000.0
70, 16200,Lithuania,-0.7848370571938534,0.20980956198403938,-0.5236816944480386,0.8698163385069495,-0.7476848714924268,0.2778527119083057,-0.664219172754419,0.9974775465916969,-0.5846521890925165,0.2900893458244805,-0.5453524640613256,0.9762361239215563,2786844.0
71, 16435,Luxembourg,-0.8891960390631244,-0.08199892703899812,-0.2452310549917535,0.899361122707127,-0.8877675296334568,0.1167455891736365,-0.278682515209103,0.9848500980270196,-0.7525408693770474,0.14384448991435358,-0.33532077835073965,0.9346220445555479,619896.0
72, 16665,Latvia,-0.6334555193045103,-0.14218785816103194,-0.42286929033616405,0.9502283393976577,-0.7476223842372903,0.19903903553753768,-0.5583075975672378,0.9945192429422138,-0.5899250524446388,0.23662444703814242,-0.4883627739462865,0.964126397781075,1912789.0
73, 16900,Libya,-0.4646099368083483,-0.11163806572136281,-0.6116831198444378,0.9981583849294992,-0.3496029333201497,-0.13263521137326448,-0.6557930953632952,0.996745732654918,-0.21978743277393842,-0.09001090636018771,-0.5336190707691209,0.9802622654945539,6777452.0
74, 17135,Morocco,-0.947748504198661,0.26353924474176366,-0.28606999972933933,0.9966171999478459,-0.9029224251086478,0.21341329885623597,-0.17805143091835343,0.9996359074981285,-0.7510162101091077,0.29080667014870015,-0.19018591153129077,0.9960821150961813,36471769.0
75, 17370,Moldova,-0.8307996819423189,0.21159942104089083,-0.6831734992249855,0.990401881828848,-0.8302224244103689,0.2175786308394825,-0.5490974375076317,0.9991655139578113,-0.6695181574762157,0.24634254850891493,-0.5298458190941909,0.9946044109961321,2657637.0
76, 17605,North Macedonia,-0.7759435144460726,0.07222176709331408,-0.5699267181915857,0.9973114640335978,-0.7626704246308487,0.09847031631560137,-0.43109669687089397,0.9983925986005296,-0.5970747975157124,0.11021478909167012,-0.4361558618917761,0.9904356221781072,2083459.0
77, 17840,Mali,-0.5261274229542718,-0.2765060135571226,-0.16914656922746404,0.9870383004294785,-0.6206624970020064,-0.38935227905606334,-0.025407409391793343,0.9986762424485335,-0.5258812244299866,-0.2749225956905581,-0.07560605812391939,0.9875933575163548,19658031.0
78, 18075,Myanmar (Burma),-0.9101414932877354,-0.47561872154868134,0.625079271326125,0.9884798745849499,-0.8860111265357522,-0.21224241743149228,0.3856864030454753,0.911327788326884,-0.7425409682367805,-0.08023815551548137,0.21891850650805925,0.8258746490616397,
79, 18310,Mongolia,-0.4910136559214384,0.24648750749370515,-0.829531178909793,,-0.342555652025205,0.38753682828482444,-0.8356512107254414,,-0.29380088974984303,0.33433312133494514,-0.6698571464504953,,3225167.0
80, 18545,Malta,-0.9010222403921208,0.07864507760514378,-0.29970323556506034,0.9209319293388774,-0.926983482799066,0.20716913173027598,-0.25746461260750697,0.9710089582836211,-0.8140256284871152,0.2651794432796986,-0.2835843689477314,0.9062795760289382,502653.0
81, 18780,Mauritius,-0.9752561442436384,0.009024019970188568,0.010055420467586562,0.9919105923105025,-0.9260579372744674,0.41114554243135554,-0.41707024504855766,0.8097737744036313,-0.8091309657606226,0.4342798367631072,-0.48385540712285996,0.7135031614947523,1265711.0
82, 19015,Mexico,-0.9624784305106932,-0.08123041783299931,-0.024516565058914894,0.9988614439476898,-0.8996837466702995,0.1166243911303954,-0.10621314011459769,0.9987796724938774,-0.7788148920730052,0.21737867125865493,-0.20566796496668832,0.9923721235559484,127575529.0
83, 19250,Malaysia,-0.938598581283019,0.08956806464320667,-0.2126809610502872,0.9767404158565935,-0.9278982982283942,0.2205961532777154,-0.2492900603353262,0.9968195682300631,-0.8110287858676902,0.31714426107885735,-0.33963154853271893,0.9725071028408593,31949777.0
84, 19485,Mozambique,-0.79345437864121,-0.2992321773454001,-0.025691974292769135,0.9967982901837763,-0.7055408270393311,-0.2993905803275029,-0.003659684489339539,0.9636928607837291,-0.5754383327002554,-0.1897033369077821,-0.10153494394965867,0.9113793917224315,30366036.0
85, 19720,Niger,-0.49948912645388377,-0.3941344975474228,-0.1899052176592321,0.9775095882217079,-0.5250455486254292,-0.4461331028866311,-0.1927326350719945,0.9755170296277358,-0.4068055103216793,-0.3315303793295629,-0.13503334623259813,0.9252666099268207,23310715.0
86, 19955,Nigeria,-0.9390407617107501,0.26308525284774054,-0.2247048377513179,0.9943700834097373,-0.8978716846785224,0.10323628633675488,-0.07391764002123799,0.9984195473487416,-0.757013898917304,0.20762331141731172,-0.17045219453240326,0.9905300897115341,200963599.0
87, 20190,Nicaragua,-0.9130080226663717,-0.26046503470979615,0.0793289005737713,0.9973303863765528,-0.9160010055426444,-0.3116624657735381,0.14180740813098397,0.9981014770479097,-0.7843779583588607,-0.15440385572702547,0.0366674677558563,0.9893858724373749,6545502.0
88, 20425,Netherlands,-0.7904861875169409,-0.07341192629665212,-0.2052653779393583,0.8290258991219216,-0.7639353779121157,0.10976441394316239,-0.2789503123642323,0.9994394164029344,-0.6229248945654763,0.15293934192002895,-0.326489365259111,0.9935868234669862,17332850.0
89, 20660,Norway,-0.7072253772300638,-0.1294774009218524,-0.2627151866573209,0.9356857424675986,-0.7327342822336038,0.017873684627592635,-0.3108318901047588,0.9985288544641177,-0.5664338837542858,0.07862527379823027,-0.31030129390825906,0.9839354323711379,5347896.0
90, 20895,Nepal,-0.9714715354684419,0.16145413205935225,-0.10683060046989441,0.979420652554684,-0.9459330682209692,0.10394476425240876,-0.018820186400513778,0.9716948773470804,-0.8325571264357499,0.19301508653479355,-0.11427222007591052,0.9315229610456058,28608710.0
91, 21130,New Zealand,-0.9728860424374389,-0.1845938851003268,0.1327551727440636,0.923672294853088,-0.937428719531407,-0.01810908410723737,-0.09663254920370842,0.9525538191569698,-0.8267618703604275,0.058912321053088135,-0.16841517196097658,0.8753547052013327,4917000.0
92, 21365,Oman,-0.8735087301454834,-0.08306681438065219,-0.2581401650923892,0.9565482056688889,-0.8762572397823429,-0.0073094572305347,-0.1414524153227994,0.9967925317958481,-0.7415567519270551,0.07951325536737336,-0.20824592561859395,0.9826657668105007,4974986.0
93, 21600,Panama,-0.9496070901652834,0.11458582397179151,-0.1497345476464823,0.9989379613067643,-0.9334563416452426,0.27164358420113316,-0.2319859089791469,0.999857507194035,-0.8569043384320921,0.3906838652316023,-0.35049545602748033,0.9983608636330183,4246439.0
94, 21835,Peru,-0.9932433017308512,0.18748832495743478,-0.19415466003465345,0.9913208187760505,-0.9818445793236446,0.3376222738649129,-0.3169778690729897,0.9987946392239673,-0.9100890483920426,0.47461085689628235,-0.4269920507044761,0.9932197692175807,32510453.0
95, 22069,Papua New Guinea,-0.7681491032151072,0.1485320140770681,-0.06507101831127236,0.98459711200578,-0.4047652325239471,0.318854283487553,0.09684959146823623,0.8268119768824963,-0.2756808198231531,0.19110479050764154,0.04866634717791992,0.7522561827654214,8776109.0
96, 22270,Philippines,-0.9822719585281559,0.1005371175036075,-0.07087011415110094,0.9853377689529774,-0.9264397320789024,0.2629379241293936,-0.2150794790304276,0.9996596311065921,-0.8187000834345107,0.31506143382342616,-0.25329274289564635,0.9973822369616037,108116615.0
97, 22505,Pakistan,-0.9310857451727836,0.278839405968469,-0.44098639619402863,0.999557987539525,-0.9505148708597061,0.1752270747503627,-0.258008956517615,0.9988862172415839,-0.8419908315114902,0.2763720903670519,-0.36314651186158675,0.992380979601222,216565318.0
98, 22740,Poland,-0.7820532672891407,0.16589198113523468,-0.5812279665577605,0.969672726753176,-0.7806531613788427,0.18187928735092354,-0.45209978188102073,0.999553338770243,-0.6127692768663496,0.1960305085223403,-0.4615094317431516,0.9966232679573636,37970874.0
99, 22975,Puerto Rico,-0.9706695347114931,0.16393030174168421,-0.26687103875227075,0.985134459218713,-0.9412006982891918,0.2746751593092247,-0.2670772292958888,0.9991246361747067,-0.8431966191100158,0.3345665470338123,-0.32167657374505404,0.9940909360922844,3193694.0
100, 23210,Portugal,-0.901872954166882,0.06778398835071685,-0.3550286710162491,0.9608349874077812,-0.8753116713501713,0.22864312493644273,-0.3654454790785287,0.9991143532954501,-0.7373010566642972,0.2566628998848889,-0.45166123123363966,0.9940458399506369,10269417.0
101, 23445,Paraguay,-0.9705840009578,0.06809574252343767,-0.08401771355054627,0.9945604043832024,-0.9151234260414776,0.020851349855440588,-0.10191341663444108,0.9971098569278605,-0.801821612824244,0.02375945193476419,-0.12209921697372175,0.9782730609692682,7044636.0
102, 23680,Qatar,-0.9466257532774963,0.45636352357875715,-0.3834317647093563,0.9684048067203023,-0.950362311705462,0.2815851203281248,-0.29994775237212035,0.9970673903305863,-0.8298480474021351,0.30498127722120927,-0.3376458257196373,0.981768495868616,2832067.0
103, 23915,Romania,-0.7762975763432531,0.05352866325251234,-0.517910840003355,0.9872139175237529,-0.7904595752638812,0.07919257072823603,-0.4234540455582843,0.9983630332655352,-0.6322874894806845,0.09252122532260182,-0.4203562448646898,0.9900122794114078,19356544.0
104, 24150,Serbia,-0.8834463495855447,0.1737332832172828,-0.546060485829287,0.999178510780064,-0.8989324604789922,0.15916177276711743,-0.3978310296089043,0.9976053470015225,-0.761901214546175,0.231604017496834,-0.41320036307562663,0.9878480217704623,6944975.0
105, 24340,Russia,-0.7394792595200285,0.08227748570699822,-0.6276309365459366,0.9922800181524148,-0.6303377790466611,0.07671758008843682,-0.5565384744967488,0.9987976731764775,-0.49073387122538026,0.17025552061772503,-0.46489512054288246,0.9923323177758566,
106, 24575,Rwanda,-0.9436198580349203,0.1443921236911969,-0.0650950475955201,0.9695917398633782,-0.7394000971937782,0.04226696040106121,0.05979535283519344,0.952881385109232,-0.5780867331732836,0.0902558852655159,-0.0011945799791790207,0.8838006732157319,12626950.0
107, 24810,Saudi Arabia,-0.9255738974996774,0.21856178270201465,-0.42502841903270916,0.9772227894697286,-0.8928245405467982,0.13074030220883698,-0.23866772775533435,0.9982227504667393,-0.7682213952127828,0.1643639417199654,-0.2673199290006752,0.9899209681982426,34268528.0
108, 25045,Sweden,-0.6862417811741326,-0.3730798318594645,-0.22872654277044036,0.9456398261730472,-0.596311751046498,-0.270019967261774,-0.2196707507316601,0.9992692597067705,-0.46165519290814505,-0.1564246236461375,-0.23276199224626407,0.9924607353732011,10285453.0
109, 25280,Singapore,-0.9731570172427886,-0.08334828483695719,0.027056000697433195,0.950263591720944,-0.9675081440930698,-0.06292488757080532,0.028269083305252376,0.9724844254939862,-0.8684461346271622,0.12064598401886606,-0.1363987279183761,0.9083596678509427,5703569.0
110, 25515,Slovenia,-0.8346592519926628,0.19271815168345857,-0.37963055471412976,0.8034369789378946,-0.7278611514396731,0.15249095101774776,-0.47497543787523194,0.9979452758391028,-0.5792687910585204,0.1870090103124442,-0.41609687617551044,0.9807928862170345,2087946.0
111, 25750,Slovakia,-0.8489386353725626,0.23403029319616225,-0.37645449909054784,0.7821886391369328,-0.7550376253152636,0.17020821646050108,-0.46392956172665073,0.9792832954803452,-0.599470911330865,0.20034381002595728,-0.43979908507769766,0.924507855385383,
112, 25985,Senegal,-0.725984172437117,-0.17544437582410027,-0.37995924908004003,0.9931964682823581,-0.7064962792369478,-0.1272890338347398,-0.1922105902847647,0.9964828340167171,-0.5505099227462508,-0.05625993184781724,-0.23180510345024094,0.9813395962758207,16296364.0
113, 26220,El Salvador,-0.9778696847329658,0.10554566004145978,-0.26560901038686263,0.9984684790749278,-0.9668692664001373,0.18025455666976742,-0.221428088576906,0.998060602984799,-0.8838575129894981,0.3105699138658119,-0.34419641643856236,0.9908424443362174,6453553.0
114, 26455,Togo,-0.8016763500387684,0.19643056985150384,-0.07568758563814623,0.9780383844912695,-0.7832387709382259,0.005420982417439707,-0.06456871306139128,0.9960720391680205,-0.6400006303487306,0.07710486689325205,-0.11496771322629759,0.9713042740572373,8082366.0
115, 26690,Thailand,-0.8316543361297941,-0.2826781969088953,0.053939976504351915,0.9787677859933023,-0.9198833072017101,0.18096432446656052,-0.42419350892765706,0.944695503644013,-0.7915747721369485,0.25710286005661515,-0.4029003296611167,0.8701502504357126,69625582.0
116, 26925,Tajikistan,-0.7068984636830621,-0.3297580206646993,-0.26951312300372804,0.9741759309395204,-0.6153758551423791,-0.28492403539018984,-0.10702922511972693,0.9978123791391884,-0.4772486819156882,-0.07683938314991608,-0.12226897713753701,0.9893665417054257,9321018.0
117, 27160,Turkey,-0.8651667773837741,-0.009606043431872064,-0.36315026942276296,0.9959219884978591,-0.7747489640961263,0.057979925329188914,-0.21017414938238121,0.9995330345531982,-0.6327531678803372,0.08995725900813867,-0.20038581709135925,0.9973003489470511,83429615.0
118, 27395,Trinidad and Tobago,-0.9413090936395312,-0.00797295590082984,-0.09250931614710733,0.9871941561225342,-0.9181218295414946,0.016837446668708903,-0.12846135876909867,0.9066611535111211,-0.8020980053518845,0.04242480354534639,-0.14033655513728446,0.8299164069570306,1394973.0
119, 27630,Taiwan,-0.6167494700195119,-0.2576350040183136,-0.12151846559997186,0.9780128588163824,-0.1885530613346636,-0.6599995261573498,-0.2603755275686982,0.8540958647171087,-0.1453060514316793,-0.49261089452480583,-0.18891794477550508,0.7475860502391639,
120, 27865,Tanzania,-0.8234564035494488,-0.1303014483983547,0.010345740767030967,0.9954114176593563,-0.8449590449630916,-0.15741541392628233,-0.029062915012739977,0.9966360834748758,-0.750289357771822,-0.11216464856923342,-0.018066625880447558,0.9798738621946742,58005463.0
121, 28100,Ukraine,-0.7514469977969362,0.16497528769989553,-0.5890646417488078,0.9949627391088581,-0.7762126002883929,0.15766652994916625,-0.5314426120552272,0.9994533961863057,-0.6040292280425231,0.1745043122151911,-0.5177180738002274,0.9964734216020779,44385155.0
122, 28335,Uganda,-0.9719948953170721,0.23957409486712533,-0.20798049474323557,0.9812103365333408,-0.9317392576172474,0.14307820640023083,-0.09961451144862515,0.827141074912649,-0.8214214065267983,0.30060474713585106,-0.21538611512934866,0.7386352602508457,44269594.0
123, 28570,United States,-0.8962781985779247,-0.1571792814102453,-0.1978970337773503,0.9526913508335886,-0.8854077982377154,0.13540248281457576,-0.2839142880947472,0.9999072355018046,-0.7775562455697638,0.2215837919770944,-0.37723382224101154,0.9988439302493439,328239523.0
124, 28805,Uruguay,-0.9303165606959583,0.2639394009348202,-0.1963383307500557,0.9808636066338242,-0.9363674616223168,0.3432588673742803,-0.3023082992827256,0.9973638637955602,-0.8455017823127101,0.38392917928046927,-0.36876026669887646,0.9801851984131648,3461734.0
125, 29040,Venezuela,-0.8962324823015547,0.08492683534691109,0.10337250326840117,0.9995059240656923,-0.8057338564285902,0.24347138662607135,0.005002294344976855,0.9958873183151536,-0.6663291640279247,0.26056389862219326,-0.03420573106750304,0.9768638516960519,
126, 29275,Vietnam,-0.7176627206392359,0.054509337261334764,-0.43001788679798963,0.9354615065212212,-0.6621092524616299,0.12301751866477277,-0.5476580159279227,0.7973508840865223,-0.5037743830649448,0.06701348639709198,-0.3964584503701554,0.6921771330167883,96462106.0
127, 29510,Yemen,-0.46839945980835784,-0.06531807601646059,-0.2125847421729842,0.9989707276057392,-0.4368966634443031,-0.12345980257284872,-0.0010109413871908206,0.9903716053089587,-0.33250691269936006,-0.07254886589211636,-0.022503420382442553,0.9769496065732995,
128, 29745,South Africa,-0.9777750899791661,0.1497588532680983,-0.223714605600197,0.9826740044576845,-0.966109285177496,0.07109822849330094,-0.09285043961018306,0.9976107307965494,-0.8693044494117926,0.21678839452700407,-0.2462916675160575,0.987807538276269,58558270.0
129, 29980,Zambia,-0.6917871900708619,0.006531245992501598,-0.2528583638322892,0.9915503355045386,-0.626391820635961,-0.14485814177427478,-0.0833720996192267,0.996161271363751,-0.47880866168519626,-0.1079199821342815,-0.10891151228790809,0.9776468472478083,17861030.0
130, 30215,Zimbabwe,-0.9064181627707408,0.20914088439083822,-0.1556952296227199,0.9892893931423855,-0.9315323293765612,0.06641127075225187,-0.021265726969634798,0.9908225289772863,-0.8197022872653589,0.16364860370867448,-0.15396330456217783,0.959811058937532,14645468.0
131,,Albania,,,,,,,,,,,,,2854191.0
132,,Andorra,,,,,,,,,,,,,77142.0
133,,Arab World,,,,,,,,,,,,,427870270.0
134,,Armenia,,,,,,,,,,,,,2957731.0
135,,American Samoa,,,,,,,,,,,,,55312.0
136,,Azerbaijan,,,,,,,,,,,,,10023318.0
137,,Burundi,,,,,,,,,,,,,11530580.0
138,,"Bahamas, The",,,,,,,,,,,,,389482.0
139,,Bermuda,,,,,,,,,,,,,63918.0
140,,Brunei Darussalam,,,,,,,,,,,,,433285.0
141,,Bhutan,,,,,,,,,,,,,763092.0
142,,Central African Republic,,,,,,,,,,,,,4745185.0
143,,Central Europe and the Baltics,,,,,,,,,,,,,102378579.0
144,,Channel Islands,,,,,,,,,,,,,172259.0
145,,China,,,,,,,,,,,,,1397715000.0
146,,Cote d'Ivoire,,,,,,,,,,,,,25716544.0
147,,"Congo, Dem. Rep.",,,,,,,,,,,,,86790567.0
148,,"Congo, Rep.",,,,,,,,,,,,,5380508.0
149,,Comoros,,,,,,,,,,,,,850886.0
150,,Cabo Verde,,,,,,,,,,,,,549935.0
151,,Caribbean small states,,,,,,,,,,,,,7401381.0
152,,Cuba,,,,,,,,,,,,,11333483.0
153,,Curacao,,,,,,,,,,,,,157538.0
154,,Cayman Islands,,,,,,,,,,,,,64948.0
155,,Cyprus,,,,,,,,,,,,,1198575.0
156,,Czech Republic,,,,,,,,,,,,,10669709.0
157,,Djibouti,,,,,,,,,,,,,973560.0
158,,Dominica,,,,,,,,,,,,,71808.0
159,,Algeria,,,,,,,,,,,,,43053054.0
160,,East Asia & Pacific (excluding high income),,,,,,,,,,,,,2093675040.0
161,,Early-demographic dividend,,,,,,,,,,,,,3290290622.0
162,,East Asia & Pacific,,,,,,,,,,,,,2340628292.0
163,,Europe & Central Asia (excluding high income),,,,,,,,,,,,,399404587.0
164,,Europe & Central Asia,,,,,,,,,,,,,921140092.0
165,,"Egypt, Arab Rep.",,,,,,,,,,,,,100388073.0
166,,Euro area,,,,,,,,,,,,,342597698.0
167,,Eritrea,,,,,,,,,,,,,3497117.0
168,,Ethiopia,,,,,,,,,,,,,112078730.0
169,,European Union,,,,,,,,,,,,,447512041.0
170,,Fragile and conflict affected situations,,,,,,,,,,,,,798138587.0
171,,Faroe Islands,,,,,,,,,,,,,48678.0
172,,"Micronesia, Fed. Sts.",,,,,,,,,,,,,113815.0
173,,Gibraltar,,,,,,,,,,,,,33701.0
174,,Guinea,,,,,,,,,,,,,12771246.0
175,,"Gambia, The",,,,,,,,,,,,,2347706.0
176,,Guinea-Bissau,,,,,,,,,,,,,1920922.0
177,,Equatorial Guinea,,,,,,,,,,,,,1355986.0
178,,Grenada,,,,,,,,,,,,,112003.0
179,,Greenland,,,,,,,,,,,,,56225.0
180,,Guam,,,,,,,,,,,,,167294.0
181,,Guyana,,,,,,,,,,,,,782766.0
182,,High income,,,,,,,,,,,,,1235852827.0
183,,"Hong Kong SAR, China",,,,,,,,,,,,,7507400.0
184,,Heavily indebted poor countries (HIPC),,,,,,,,,,,,,801708035.0
185,,IBRD only,,,,,,,,,,,,,4816235951.0
186,,IDA & IBRD total,,,,,,,,,,,,,6486934851.0
187,,IDA total,,,,,,,,,,,,,1670698900.0
188,,IDA blend,,,,,,,,,,,,,561572202.0
189,,IDA only,,,,,,,,,,,,,1109126698.0
190,,Isle of Man,,,,,,,,,,,,,84584.0
191,,Not classified,,,,,,,,,,,,,
192,,"Iran, Islamic Rep.",,,,,,,,,,,,,82913906.0
193,,Iceland,,,,,,,,,,,,,361313.0
194,,Kyrgyz Republic,,,,,,,,,,,,,6456900.0
195,,Kiribati,,,,,,,,,,,,,117606.0
196,,St. Kitts and Nevis,,,,,,,,,,,,,52823.0
197,,"Korea, Rep.",,,,,,,,,,,,,51709098.0
198,,Latin America & Caribbean (excluding high income),,,,,,,,,,,,,613773128.0
199,,Lao PDR,,,,,,,,,,,,,7169455.0
200,,Liberia,,,,,,,,,,,,,4937374.0
201,,St. Lucia,,,,,,,,,,,,,182790.0
202,,Latin America & Caribbean,,,,,,,,,,,,,646430841.0
203,,Least developed countries: UN classification,,,,,,,,,,,,,1033388876.0
204,,Low income,,,,,,,,,,,,,668454965.0
205,,Liechtenstein,,,,,,,,,,,,,38019.0
206,,Lower middle income,,,,,,,,,,,,,2913363391.0
207,,Low & middle income,,,,,,,,,,,,,6437681145.0
208,,Lesotho,,,,,,,,,,,,,2125268.0
209,,Late-demographic dividend,,,,,,,,,,,,,2298470832.0
210,,"Macao SAR, China",,,,,,,,,,,,,640445.0
211,,St. Martin (French part),,,,,,,,,,,,,38002.0
212,,Monaco,,,,,,,,,,,,,38964.0
213,,Madagascar,,,,,,,,,,,,,26969307.0
214,,Maldives,,,,,,,,,,,,,530953.0
215,,Middle East & North Africa,,,,,,,,,,,,,456707404.0
216,,Marshall Islands,,,,,,,,,,,,,58791.0
217,,Middle income,,,,,,,,,,,,,5769226180.0
218,,Myanmar,,,,,,,,,,,,,54045420.0
219,,Middle East & North Africa (excluding high income),,,,,,,,,,,,,389457086.0
220,,Montenegro,,,,,,,,,,,,,622137.0
221,,Northern Mariana Islands,,,,,,,,,,,,,57216.0
222,,Mauritania,,,,,,,,,,,,,4525696.0
223,,Malawi,,,,,,,,,,,,,18628747.0
224,,North America,,,,,,,,,,,,,365892703.0
225,,Namibia,,,,,,,,,,,,,2494530.0
226,,New Caledonia,,,,,,,,,,,,,287800.0
227,,Nauru,,,,,,,,,,,,,12581.0
228,,OECD members,,,,,,,,,,,,,1359963500.0
229,,Other small states,,,,,,,,,,,,,31360407.0
230,,Palau,,,,,,,,,,,,,18008.0
231,,Pre-demographic dividend,,,,,,,,,,,,,944902749.0
232,,"Korea, Dem. People’s Rep.",,,,,,,,,,,,,25666161.0
233,,West Bank and Gaza,,,,,,,,,,,,,4685306.0
234,,Pacific island small states,,,,,,,,,,,,,2493696.0
235,,Post-demographic dividend,,,,,,,,,,,,,1112914457.0
236,,French Polynesia,,,,,,,,,,,,,279287.0
237,,Russian Federation,,,,,,,,,,,,,144373535.0
238,,South Asia,,,,,,,,,,,,,1835776742.0
239,,Sudan,,,,,,,,,,,,,42813238.0
240,,Solomon Islands,,,,,,,,,,,,,669823.0
241,,Sierra Leone,,,,,,,,,,,,,7813215.0
242,,San Marino,,,,,,,,,,,,,33860.0
243,,Somalia,,,,,,,,,,,,,15442905.0
244,,Sub-Saharan Africa (excluding high income),,,,,,,,,,,,,1105594562.0
245,,South Sudan,,,,,,,,,,,,,11062113.0
246,,Sub-Saharan Africa,,,,,,,,,,,,,1106957898.0
247,,Small states,,,,,,,,,,,,,41255484.0
248,,Sao Tome and Principe,,,,,,,,,,,,,215056.0
249,,Suriname,,,,,,,,,,,,,581372.0
250,,Slovak Republic,,,,,,,,,,,,,5454073.0
251,,Eswatini,,,,,,,,,,,,,1148130.0
252,,Sint Maarten (Dutch part),,,,,,,,,,,,,40733.0
253,,Seychelles,,,,,,,,,,,,,97625.0
254,,Syrian Arab Republic,,,,,,,,,,,,,17070135.0
255,,Turks and Caicos Islands,,,,,,,,,,,,,38191.0
256,,Chad,,,,,,,,,,,,,15946876.0
257,,East Asia & Pacific (IDA & IBRD countries),,,,,,,,,,,,,2067984156.0
258,,Europe & Central Asia (IDA & IBRD countries),,,,,,,,,,,,,460799505.0
259,,Turkmenistan,,,,,,,,,,,,,5942089.0
260,,Latin America & the Caribbean (IDA & IBRD countries),,,,,,,,,,,,,630644770.0
261,,Timor-Leste,,,,,,,,,,,,,1293119.0
262,,Middle East & North Africa (IDA & IBRD countries),,,,,,,,,,,,,384771780.0
263,,Tonga,,,,,,,,,,,,,104494.0
264,,South Asia (IDA & IBRD),,,,,,,,,,,,,1835776742.0
265,,Sub-Saharan Africa (IDA & IBRD countries),,,,,,,,,,,,,1106957898.0
266,,Tunisia,,,,,,,,,,,,,11694719.0
267,,Tuvalu,,,,,,,,,,,,,11646.0
268,,Upper middle income,,,,,,,,,,,,,2855862789.0
269,,Uzbekistan,,,,,,,,,,,,,33580650.0
270,,St. Vincent and the Grenadines,,,,,,,,,,,,,110589.0
271,,"Venezuela, RB",,,,,,,,,,,,,28515829.0
272,,British Virgin Islands,,,,,,,,,,,,,30030.0
273,,Virgin Islands (U.S.),,,,,,,,,,,,,106631.0
274,,Vanuatu,,,,,,,,,,,,,299882.0
275,,World,,,,,,,,,,,,,7673533972.0
276,,Samoa,,,,,,,,,,,,,197097.0
277,,Kosovo,,,,,,,,,,,,,1794248.0
278,,"Yemen, Rep.",,,,,,,,,,,,,29161922.0
